{
  "train_metrics": {
    "buy_type_accuracy": 0.9122855307826406,
    "buy_type_balanced_accuracy": 0.9257336014898266,
    "money_spent_rmse": 891.9637273190045,
    "money_spent_mae": 638.4618964492316
  },
  "val_metrics": {
    "buy_type_accuracy": 0.7469230769230769,
    "buy_type_balanced_accuracy": 0.5777981332693823,
    "money_spent_rmse": 977.7387504613871,
    "money_spent_mae": 703.437700339229
  },
  "label_classes": [
    "awp",
    "eco",
    "force",
    "full",
    "half"
  ],
  "train_present_classes": [
    "awp",
    "eco",
    "force",
    "full",
    "half"
  ],
  "missing_train_classes": [],
  "val_confusion_matrix": [
    [
      0,
      1,
      0,
      1,
      0
    ],
    [
      0,
      400,
      44,
      3,
      39
    ],
    [
      0,
      42,
      111,
      27,
      39
    ],
    [
      0,
      17,
      2,
      263,
      6
    ],
    [
      0,
      37,
      35,
      36,
      197
    ]
  ]
}